"DateTime","Players","Average Players","Flags"
"2020-10-14 00:00:00",3290,,
"2020-10-15 00:00:00",3142,,
"2020-10-16 00:00:00",3763,,
"2020-10-17 00:00:00",4387,,
"2020-10-18 00:00:00",4770,,
"2020-10-19 00:00:00",4751,,
"2020-10-20 00:00:00",5072,,
"2020-10-21 00:00:00",5329,,
"2020-10-22 00:00:00",5123,,
"2020-10-23 00:00:00",5181,,
"2020-10-24 00:00:00",6192,,
"2020-10-25 00:00:00",7650,,
"2020-10-26 00:00:00",8249,,
"2020-10-27 00:00:00",8901,,
"2020-10-28 00:00:00",10394,,
"2020-10-29 00:00:00",11131,,
"2020-10-30 00:00:00",10772,,
"2020-10-31 00:00:00",11434,,
"2020-11-01 00:00:00",13690,,
"2020-11-02 00:00:00",12793,,
"2020-11-03 00:00:00",13411,,
"2020-11-04 00:00:00",14239,,
"2020-11-05 00:00:00",13798,,
"2020-11-06 00:00:00",13787,,
"2020-11-07 00:00:00",15315,,
"2020-11-08 00:00:00",18090,,
"2020-11-09 00:00:00",17145,,
"2020-11-10 00:00:00",18412,,
"2020-11-11 00:00:00",18045,,
"2020-11-12 00:00:00",16903,,
"2020-11-13 00:00:00",16884,,
"2020-11-14 00:00:00",18066,,
"2020-11-15 00:00:00",19089,,
"2020-11-16 00:00:00",18534,,
"2020-11-17 00:00:00",17712,,
"2020-11-18 00:00:00",17772,,
"2020-11-19 00:00:00",17862,,
"2020-11-20 00:00:00",18558,,
"2020-11-21 00:00:00",21107,,
"2020-11-22 00:00:00",24295,,
"2020-11-23 00:00:00",23624,,
"2020-11-24 00:00:00",23522,,
"2020-11-25 00:00:00",27963,,
"2020-11-26 00:00:00",29275,,
"2020-11-27 00:00:00",32012,,
"2020-11-28 00:00:00",35746,,
"2020-11-29 00:00:00",38342,,
"2020-11-30 00:00:00",37256,,
"2020-12-01 00:00:00",39785,,
"2020-12-02 00:00:00",40442,,
"2020-12-03 00:00:00",43386,,
"2020-12-04 00:00:00",45175,,
"2020-12-05 00:00:00",49745,,
"2020-12-06 00:00:00",52853,,
"2020-12-07 00:00:00",48700,,
"2020-12-08 00:00:00",48072,,
"2020-12-09 00:00:00",47873,,
"2020-12-10 00:00:00",42266,,
"2020-12-11 00:00:00",39524,,
"2020-12-12 00:00:00",40064,,
"2020-12-13 00:00:00",40800,,
"2020-12-14 00:00:00",38408,,
"2020-12-15 00:00:00",38137,,
"2020-12-16 00:00:00",38097,,
"2020-12-17 00:00:00",34129,,
"2020-12-18 00:00:00",35440,,
"2020-12-19 00:00:00",36619,,
"2020-12-20 00:00:00",37790,,
"2020-12-21 00:00:00",36779,,
"2020-12-22 00:00:00",36616,,
"2020-12-23 00:00:00",46650,,
"2020-12-24 00:00:00",39513,,
"2020-12-25 00:00:00",39211,,
"2020-12-26 00:00:00",39911,,
"2020-12-27 00:00:00",40496,,
"2020-12-28 00:00:00",38140,,
"2020-12-29 00:00:00",38962,,
"2020-12-30 00:00:00",38479,,
"2020-12-31 00:00:00",34304,,
"2021-01-01 00:00:00",36614,,
"2021-01-02 00:00:00",36086,,
"2021-01-03 00:00:00",38071,,
"2021-01-04 00:00:00",36281,,
"2021-01-05 00:00:00",37265,,
"2021-01-06 00:00:00",42141,,
"2021-01-07 00:00:00",38832,,
"2021-01-08 00:00:00",36500,,
"2021-01-09 00:00:00",36057,,
"2021-01-10 00:00:00",35001,,
"2021-01-11 00:00:00",32549,,
"2021-01-12 00:00:00",32221,,
"2021-01-13 00:00:00",31234,,
"2021-01-14 00:00:00",30399,,
"2021-01-15 00:00:00",30179,,
"2021-01-16 00:00:00",31562,,
"2021-01-17 00:00:00",31333,,
"2021-01-18 00:00:00",30805,,
"2021-01-19 00:00:00",31022,,
"2021-01-20 00:00:00",35492,,
"2021-01-21 00:00:00",33157,,
"2021-01-22 00:00:00",31175,,
"2021-01-23 00:00:00",30767,,
"2021-01-24 00:00:00",31689,,
"2021-01-25 00:00:00",29898,,
"2021-01-26 00:00:00",29135,,
"2021-01-27 00:00:00",28470,,
"2021-01-28 00:00:00",26795,,
"2021-01-29 00:00:00",26206,,
"2021-01-30 00:00:00",27008,,
"2021-01-31 00:00:00",26296,,
"2021-02-01 00:00:00",24515,,
"2021-02-02 00:00:00",24624,,
"2021-02-03 00:00:00",26957,,
"2021-02-04 00:00:00",25320,,
"2021-02-05 00:00:00",23967,,
"2021-02-06 00:00:00",24880,,
"2021-02-07 00:00:00",23833,,
"2021-02-08 00:00:00",23100,,
"2021-02-09 00:00:00",22819,,
"2021-02-10 00:00:00",22776,,
"2021-02-11 00:00:00",20260,,
"2021-02-12 00:00:00",20616,,
"2021-02-13 00:00:00",21287,,
"2021-02-14 00:00:00",21786,,
"2021-02-15 00:00:00",21154,,
"2021-02-16 00:00:00",21462,,
"2021-02-17 00:00:00",22591,,
"2021-02-18 00:00:00",23328,,
"2021-02-19 00:00:00",23564,,
"2021-02-20 00:00:00",22595,,
"2021-02-21 00:00:00",21512,,
"2021-02-22 00:00:00",20756,,
"2021-02-23 00:00:00",20298,,
"2021-02-24 00:00:00",24257,,
"2021-02-25 00:00:00",22153,,
"2021-02-26 00:00:00",21608,,
"2021-02-27 00:00:00",21389,,
"2021-02-28 00:00:00",22380,,
"2021-03-01 00:00:00",20798,,
"2021-03-02 00:00:00",19466,,
"2021-03-03 00:00:00",21467,,
"2021-03-04 00:00:00",19978,,
"2021-03-05 00:00:00",20544,,
"2021-03-06 00:00:00",20959,,
"2021-03-07 00:00:00",19878,,
"2021-03-08 00:00:00",17998,,
"2021-03-09 00:00:00",17580,,
"2021-03-10 00:00:00",17545,,
"2021-03-11 00:00:00",17635,,
"2021-03-12 00:00:00",18798,,
"2021-03-13 00:00:00",19507,,
"2021-03-14 00:00:00",18799,,
"2021-03-15 00:00:00",17291,,
"2021-03-16 00:00:00",17656,,
"2021-03-17 00:00:00",18998,,
"2021-03-18 00:00:00",18565,,
"2021-03-19 00:00:00",19151,,
"2021-03-20 00:00:00",20095,,
"2021-03-21 00:00:00",18818,,
"2021-03-22 00:00:00",16708,,
"2021-03-23 00:00:00",16703,,
"2021-03-24 00:00:00",17534,,
"2021-03-25 00:00:00",16543,,
"2021-03-26 00:00:00",17084,,
"2021-03-27 00:00:00",17542,,
"2021-03-28 00:00:00",16254,,
"2021-03-29 00:00:00",14702,,
"2021-03-30 00:00:00",15089,,
"2021-03-31 00:00:00",15195,,
"2021-04-01 00:00:00",13911,,
"2021-04-02 00:00:00",13700,,
"2021-04-03 00:00:00",14451,,
"2021-04-04 00:00:00",13296,,
"2021-04-05 00:00:00",11780,,
"2021-04-06 00:00:00",11452,,
"2021-04-07 00:00:00",11714,,
"2021-04-08 00:00:00",11752,,
"2021-04-09 00:00:00",12561,,
"2021-04-10 00:00:00",12875,,
"2021-04-11 00:00:00",12065,,
"2021-04-12 00:00:00",11132,,
"2021-04-13 00:00:00",11242,,
"2021-04-14 00:00:00",13589,,
"2021-04-15 00:00:00",12437,,
"2021-04-16 00:00:00",12561,,
"2021-04-17 00:00:00",13010,,
"2021-04-18 00:00:00",11550,,
"2021-04-19 00:00:00",10197,,
"2021-04-20 00:00:00",10468,,
"2021-04-21 00:00:00",10701,,
"2021-04-22 00:00:00",10816,,
"2021-04-23 00:00:00",11964,,
"2021-04-24 00:00:00",11849,,
"2021-04-25 00:00:00",11456,,
"2021-04-26 00:00:00",11206,,
"2021-04-27 00:00:00",12204,,
"2021-04-28 00:00:00",15483,,
"2021-04-29 00:00:00",14342,,
"2021-04-30 00:00:00",14369,,
"2021-05-01 00:00:00",14041,,
"2021-05-02 00:00:00",12988,,
"2021-05-03 00:00:00",12752,,
"2021-05-04 00:00:00",13600,,
"2021-05-05 00:00:00",12546,,
"2021-05-06 00:00:00",12168,,
"2021-05-07 00:00:00",12924,,
"2021-05-08 00:00:00",13983,,
"2021-05-09 00:00:00",13022,,
"2021-05-10 00:00:00",11786,,
"2021-05-11 00:00:00",11424,,
"2021-05-12 00:00:00",11683,,
"2021-05-13 00:00:00",12949,,
"2021-05-14 00:00:00",12853,,
"2021-05-15 00:00:00",13010,,
"2021-05-16 00:00:00",12425,,
"2021-05-17 00:00:00",10820,,
"2021-05-18 00:00:00",11499,,
"2021-05-19 00:00:00",10832,,
"2021-05-20 00:00:00",10725,,
"2021-05-21 00:00:00",10881,,
"2021-05-22 00:00:00",11008,,
"2021-05-23 00:00:00",10057,,
"2021-05-24 00:00:00",9399,,
"2021-05-25 00:00:00",9446,,
"2021-05-26 00:00:00",9453,,
"2021-05-27 00:00:00",11477,,
"2021-05-28 00:00:00",10862,,
"2021-05-29 00:00:00",11051,,
"2021-05-30 00:00:00",10150,,
"2021-05-31 00:00:00",9475,,
"2021-06-01 00:00:00",9343,,
"2021-06-02 00:00:00",9115,,
"2021-06-03 00:00:00",9580,,
"2021-06-04 00:00:00",9759,,
"2021-06-05 00:00:00",10336,,
"2021-06-06 00:00:00",9275,,
"2021-06-07 00:00:00",8804,,
"2021-06-08 00:00:00",9062,,
"2021-06-09 00:00:00",9182,,
"2021-06-10 00:00:00",12553,,
"2021-06-11 00:00:00",12157,,
"2021-06-12 00:00:00",12762,,
"2021-06-13 00:00:00",11354,,
"2021-06-14 00:00:00",11723,,
"2021-06-15 00:00:00",11591,,
"2021-06-16 00:00:00",10901,,
"2021-06-17 00:00:00",11000,,
"2021-06-18 00:00:00",11813,,
"2021-06-19 00:00:00",11727,,
"2021-06-20 00:00:00",11007,,
"2021-06-21 00:00:00",10611,,
"2021-06-22 00:00:00",10710,,
"2021-06-23 00:00:00",10203,,
"2021-06-24 00:00:00",11153,,
"2021-06-25 00:00:00",11268,,
"2021-06-26 00:00:00",11576,,
"2021-06-27 00:00:00",10746,,
"2021-06-28 00:00:00",9724,,
"2021-06-29 00:00:00",9438,,
"2021-06-30 00:00:00",9188,,
"2021-07-01 00:00:00",9499,,
"2021-07-02 00:00:00",11011,,
"2021-07-03 00:00:00",11394,,
"2021-07-04 00:00:00",10802,,
"2021-07-05 00:00:00",10087,,
"2021-07-06 00:00:00",10845,,
"2021-07-07 00:00:00",9935,,
"2021-07-08 00:00:00",12424,,
"2021-07-09 00:00:00",11051,,
"2021-07-10 00:00:00",11426,,
"2021-07-11 00:00:00",10782,,
"2021-07-12 00:00:00",10133,,
"2021-07-13 00:00:00",10275,,
"2021-07-14 00:00:00",9705,,
"2021-07-15 00:00:00",10047,,
"2021-07-16 00:00:00",10606,,
"2021-07-17 00:00:00",11018,,
"2021-07-18 00:00:00",10742,,
"2021-07-19 00:00:00",10610,,
"2021-07-20 00:00:00",11787,,
"2021-07-21 00:00:00",11598,,
"2021-07-22 00:00:00",11882,,
"2021-07-23 00:00:00",10482,,
"2021-07-24 00:00:00",10406,,
"2021-07-25 00:00:00",9669,,
"2021-07-26 00:00:00",10116,,
"2021-07-27 00:00:00",9874,,
"2021-07-28 00:00:00",8864,,
"2021-07-29 00:00:00",8875,,
"2021-07-30 00:00:00",8902,,
"2021-07-31 00:00:00",8679,,
"2021-08-01 00:00:00",8375,,
"2021-08-02 00:00:00",8613,,
"2021-08-03 00:00:00",8847,,
"2021-08-04 00:00:00",8874,,
"2021-08-05 00:00:00",12923,,
"2021-08-06 00:00:00",12480,,
"2021-08-07 00:00:00",12673,,
"2021-08-08 00:00:00",12132,,
"2021-08-09 00:00:00",11830,,
"2021-08-10 00:00:00",11999,,
"2021-08-11 00:00:00",11120,,
"2021-08-12 00:00:00",10902,,
"2021-08-13 00:00:00",10988,,
"2021-08-14 00:00:00",11070,,
"2021-08-15 00:00:00",11017,,
"2021-08-16 00:00:00",10834,,
"2021-08-17 00:00:00",11099,,
"2021-08-18 00:00:00",11069,,
"2021-08-19 00:00:00",13447,,
"2021-08-20 00:00:00",13015,,
"2021-08-21 00:00:00",13315,,
"2021-08-22 00:00:00",12488,,
"2021-08-23 00:00:00",11696,,
"2021-08-24 00:00:00",12582,,
"2021-08-25 00:00:00",11994,,
"2021-08-26 00:00:00",12030,,
"2021-08-27 00:00:00",13077,,
"2021-08-28 00:00:00",12538,,
"2021-08-29 00:00:00",11822,,
"2021-08-30 00:00:00",11084,,
"2021-08-31 00:00:00",11260,,
"2021-09-01 00:00:00",10442,,
"2021-09-02 00:00:00",12010,,
"2021-09-03 00:00:00",12190,,
"2021-09-04 00:00:00",12049,,
"2021-09-05 00:00:00",11076,,
"2021-09-06 00:00:00",10839,,
"2021-09-07 00:00:00",11611,,
"2021-09-08 00:00:00",10639,,
"2021-09-09 00:00:00",10647,,
"2021-09-10 00:00:00",11309,,
"2021-09-11 00:00:00",11923,,
"2021-09-12 00:00:00",11387,,
"2021-09-13 00:00:00",10205,,
"2021-09-14 00:00:00",10611,,
"2021-09-15 00:00:00",10420,,
"2021-09-16 00:00:00",11810,,
"2021-09-17 00:00:00",11964,,
"2021-09-18 00:00:00",12047,,
"2021-09-19 00:00:00",11535,,
"2021-09-20 00:00:00",10618,,
"2021-09-21 00:00:00",11483,,
"2021-09-22 00:00:00",10742,,
"2021-09-23 00:00:00",9892,,
"2021-09-24 00:00:00",9810,,
"2021-09-25 00:00:00",10152,,
"2021-09-26 00:00:00",9530,,
"2021-09-27 00:00:00",8345,,
"2021-09-28 00:00:00",8554,,
"2021-09-29 00:00:00",8707,,
"2021-09-30 00:00:00",10393,,
"2021-10-01 00:00:00",10331,,
"2021-10-02 00:00:00",10819,,
"2021-10-03 00:00:00",10570,,
"2021-10-04 00:00:00",9772,,
"2021-10-05 00:00:00",9235,,
"2021-10-06 00:00:00",8750,,
"2021-10-07 00:00:00",8557,,
"2021-10-08 00:00:00",9485,,
"2021-10-09 00:00:00",9957,,
"2021-10-10 00:00:00",10344,,
"2021-10-11 00:00:00",9101,,
"2021-10-12 00:00:00",11788,,
"2021-10-13 00:00:00",10843,,
"2021-10-14 00:00:00",10848,,
"2021-10-15 00:00:00",11286,,
"2021-10-16 00:00:00",11278,,
"2021-10-17 00:00:00",10732,,
"2021-10-18 00:00:00",8778,,
"2021-10-19 00:00:00",9319,,
"2021-10-20 00:00:00",9189,,
"2021-10-21 00:00:00",9630,,
"2021-10-22 00:00:00",9659,,
"2021-10-23 00:00:00",10134,,
"2021-10-24 00:00:00",9889,,
"2021-10-25 00:00:00",9136,,
"2021-10-26 00:00:00",10089,,
"2021-10-27 00:00:00",10085,,
"2021-10-28 00:00:00",15241,,
"2021-10-29 00:00:00",14268,,
"2021-10-30 00:00:00",11968,,
"2021-10-31 00:00:00",12219,,
"2021-11-01 00:00:00",11165,,
"2021-11-02 00:00:00",10840,,
"2021-11-03 00:00:00",9047,,
"2021-11-04 00:00:00",8911,,
"2021-11-05 00:00:00",9455,,
"2021-11-06 00:00:00",8777,,
"2021-11-07 00:00:00",9314,,
"2021-11-08 00:00:00",8731,,
"2021-11-09 00:00:00",8273,,
"2021-11-10 00:00:00",8154,,
"2021-11-11 00:00:00",14685,,
"2021-11-12 00:00:00",12767,,
"2021-11-13 00:00:00",13124,,
"2021-11-14 00:00:00",12968,,
"2021-11-15 00:00:00",11836,,
"2021-11-16 00:00:00",12628,,
"2021-11-17 00:00:00",10967,,
"2021-11-18 00:00:00",12172,,
"2021-11-19 00:00:00",11910,,
"2021-11-20 00:00:00",12549,,
"2021-11-21 00:00:00",11978,,
"2021-11-22 00:00:00",10583,,
"2021-11-23 00:00:00",11103,,
"2021-11-24 00:00:00",10755,,
"2021-11-25 00:00:00",12504,,
"2021-11-26 00:00:00",11979,,
"2021-11-27 00:00:00",11869,,
"2021-11-28 00:00:00",11387,,
"2021-11-29 00:00:00",10066,,
"2021-11-30 00:00:00",10340,,
"2021-12-01 00:00:00",9168,,
"2021-12-02 00:00:00",9161,,
"2021-12-03 00:00:00",9606,,
"2021-12-04 00:00:00",9945,,
"2021-12-05 00:00:00",9200,,
"2021-12-06 00:00:00",8760,,
"2021-12-07 00:00:00",8840,,
"2021-12-08 00:00:00",8745,,
"2021-12-09 00:00:00",10642,,
"2021-12-10 00:00:00",10496,,
"2021-12-11 00:00:00",10349,,
"2021-12-12 00:00:00",9939,,
"2021-12-13 00:00:00",9084,,
"2021-12-14 00:00:00",9146,,
"2021-12-15 00:00:00",8586,,
"2021-12-16 00:00:00",9121,,
"2021-12-17 00:00:00",9169,,
"2021-12-18 00:00:00",9034,,
"2021-12-19 00:00:00",8656,,
"2021-12-20 00:00:00",8232,,
"2021-12-21 00:00:00",8638,,
"2021-12-22 00:00:00",8335,,
"2021-12-23 00:00:00",10673,,
"2021-12-24 00:00:00",9566,,
"2021-12-25 00:00:00",9392,,
"2021-12-26 00:00:00",9633,,
"2021-12-27 00:00:00",9042,,
"2021-12-28 00:00:00",9227,,
"2021-12-29 00:00:00",8592,,
"2021-12-30 00:00:00",8870,,
"2021-12-31 00:00:00",8599,,
"2022-01-01 00:00:00",9298,,
"2022-01-02 00:00:00",9727,,
"2022-01-03 00:00:00",8968,,
"2022-01-04 00:00:00",8892,,
"2022-01-05 00:00:00",8574,,
"2022-01-06 00:00:00",10626,,
"2022-01-07 00:00:00",10110,,
"2022-01-08 00:00:00",9655,,
"2022-01-09 00:00:00",9650,,
"2022-01-10 00:00:00",8634,,
"2022-01-11 00:00:00",8879,,
"2022-01-12 00:00:00",7771,,
"2022-01-13 00:00:00",8228,,
"2022-01-14 00:00:00",8488,,
"2022-01-15 00:00:00",8673,,
"2022-01-16 00:00:00",8306,,
"2022-01-17 00:00:00",8379,,
"2022-01-18 00:00:00",8373,,
"2022-01-19 00:00:00",8048,,
"2022-01-20 00:00:00",8601,,
"2022-01-21 00:00:00",8050,,
"2022-01-22 00:00:00",8179,,
"2022-01-23 00:00:00",7897,,
"2022-01-24 00:00:00",7394,,
"2022-01-25 00:00:00",7154,,
"2022-01-26 00:00:00",9630,,
"2022-01-27 00:00:00",7560,,
"2022-01-28 00:00:00",9155,,
"2022-01-29 00:00:00",8375,,
"2022-01-30 00:00:00",7788,,
"2022-01-31 00:00:00",7081,,
"2022-02-01 00:00:00",7661,,
"2022-02-02 00:00:00",7876,,
"2022-02-03 00:00:00",8909,,
"2022-02-04 00:00:00",8159,,
"2022-02-05 00:00:00",8109,,
"2022-02-06 00:00:00",8229,,
"2022-02-07 00:00:00",7540,,
"2022-02-08 00:00:00",7772,,
"2022-02-09 00:00:00",7191,,
"2022-02-10 00:00:00",6941,,
"2022-02-11 00:00:00",7147,,
"2022-02-12 00:00:00",7320,,
"2022-02-13 00:00:00",7135,,
"2022-02-14 00:00:00",7075,,
"2022-02-15 00:00:00",7231,,
"2022-02-16 00:00:00",6423,,
"2022-02-17 00:00:00",8649,,
"2022-02-18 00:00:00",9385,,
"2022-02-19 00:00:00",9185,,
"2022-02-20 00:00:00",9154,,
"2022-02-21 00:00:00",8996,,
"2022-02-22 00:00:00",10967,,
"2022-02-23 00:00:00",9366,,
"2022-02-24 00:00:00",9084,,
"2022-02-25 00:00:00",8572,,
"2022-02-26 00:00:00",8922,,
"2022-02-27 00:00:00",8610,,
"2022-02-28 00:00:00",8587,,
"2022-03-01 00:00:00",8095,,
"2022-03-02 00:00:00",6908,,
"2022-03-03 00:00:00",8405,,
"2022-03-04 00:00:00",8997,,
"2022-03-05 00:00:00",9058,,
"2022-03-06 00:00:00",8663,,
"2022-03-07 00:00:00",8755,,
"2022-03-08 00:00:00",9057,,
"2022-03-09 00:00:00",9191,,
"2022-03-10 00:00:00",8019,,
"2022-03-11 00:00:00",8772,,
"2022-03-12 00:00:00",9441,,
"2022-03-13 00:00:00",9180,,
"2022-03-14 00:00:00",8485,,
"2022-03-15 00:00:00",9059,,
"2022-03-16 00:00:00",8459,,
"2022-03-17 00:00:00",10032,,
"2022-03-18 00:00:00",9850,,
"2022-03-19 00:00:00",9967,,
"2022-03-20 00:00:00",9826,,
"2022-03-21 00:00:00",9011,,
"2022-03-22 00:00:00",9386,,
"2022-03-23 00:00:00",8806,,
"2022-03-24 00:00:00",9928,,
"2022-03-25 00:00:00",10157,,
"2022-03-26 00:00:00",10380,,
"2022-03-27 00:00:00",9727,,
"2022-03-28 00:00:00",9570,,
"2022-03-29 00:00:00",9581,,
"2022-03-30 00:00:00",9063,,
"2022-03-31 00:00:00",10891,,
"2022-04-01 00:00:00",10271,,
"2022-04-02 00:00:00",10306,,
"2022-04-03 00:00:00",9961,,
"2022-04-04 00:00:00",9021,,
"2022-04-05 00:00:00",9151,,
"2022-04-06 00:00:00",8595,,
"2022-04-07 00:00:00",8535,,
"2022-04-08 00:00:00",8994,,
"2022-04-09 00:00:00",9249,,
"2022-04-10 00:00:00",8874,,
"2022-04-11 00:00:00",8211,,
"2022-04-12 00:00:00",8247,,
"2022-04-13 00:00:00",7925,,
"2022-04-14 00:00:00",8521,,
"2022-04-15 00:00:00",8747,,
"2022-04-16 00:00:00",8728,,
"2022-04-17 00:00:00",8503,,
"2022-04-18 00:00:00",7678,,
"2022-04-19 00:00:00",7583,,
"2022-04-20 00:00:00",7123,,
"2022-04-21 00:00:00",7232,,
"2022-04-22 00:00:00",8058,,
"2022-04-23 00:00:00",8191,,
"2022-04-24 00:00:00",7781,,
"2022-04-25 00:00:00",7331,,
"2022-04-26 00:00:00",7787,,
"2022-04-27 00:00:00",7000,,
"2022-04-28 00:00:00",8579,,
"2022-04-29 00:00:00",8188,,
"2022-04-30 00:00:00",8360,,
"2022-05-01 00:00:00",7656,,
"2022-05-02 00:00:00",7226,,
"2022-05-03 00:00:00",7505,,
"2022-05-04 00:00:00",9179,,
"2022-05-05 00:00:00",10793,,
"2022-05-06 00:00:00",10562,,
"2022-05-07 00:00:00",10863,,
"2022-05-08 00:00:00",11194,,
"2022-05-09 00:00:00",10795,,
"2022-05-10 00:00:00",11048,,
"2022-05-11 00:00:00",10342,,
"2022-05-12 00:00:00",13065,,
"2022-05-13 00:00:00",11824,,
"2022-05-14 00:00:00",11698,,
"2022-05-15 00:00:00",11502,,
"2022-05-16 00:00:00",11136,,
"2022-05-17 00:00:00",11509,,
"2022-05-18 00:00:00",11056,,
"2022-05-19 00:00:00",11013,,
"2022-05-20 00:00:00",11313,,
"2022-05-21 00:00:00",11584,,
"2022-05-22 00:00:00",11578,,
"2022-05-23 00:00:00",10867,,
"2022-05-24 00:00:00",11107,,
"2022-05-25 00:00:00",10530,,
"2022-05-26 00:00:00",15498,,
"2022-05-27 00:00:00",14112,,
"2022-05-28 00:00:00",14044,,
"2022-05-29 00:00:00",13632,,
"2022-05-30 00:00:00",12856,,
"2022-05-31 00:00:00",14406,,
"2022-06-01 00:00:00",12582,,
"2022-06-02 00:00:00",12223,,
"2022-06-03 00:00:00",13197,,
"2022-06-04 00:00:00",13487,,
"2022-06-05 00:00:00",14199,,
"2022-06-06 00:00:00",13518,,
"2022-06-07 00:00:00",12460,,
"2022-06-08 00:00:00",11791,,
"2022-06-09 00:00:00",19413,,
"2022-06-10 00:00:00",18975,,
"2022-06-11 00:00:00",18770,,
"2022-06-12 00:00:00",17247,,
"2022-06-13 00:00:00",15792,,
"2022-06-14 00:00:00",15261,,
"2022-06-15 00:00:00",14278,,
"2022-06-16 00:00:00",14569,,
"2022-06-17 00:00:00",15066,,
"2022-06-18 00:00:00",15254,,
"2022-06-19 00:00:00",13945,,
"2022-06-20 00:00:00",12301,,
"2022-06-21 00:00:00",12444,,
"2022-06-22 00:00:00",11740,,
"2022-06-23 00:00:00",13736,,
"2022-06-24 00:00:00",13000,,
"2022-06-25 00:00:00",12850,,
"2022-06-26 00:00:00",12399,,
"2022-06-27 00:00:00",11311,,
"2022-06-28 00:00:00",10740,,
"2022-06-29 00:00:00",9921,,
"2022-06-30 00:00:00",8913,,
"2022-07-01 00:00:00",9424,,
"2022-07-02 00:00:00",10157,,
"2022-07-03 00:00:00",9596,,
"2022-07-04 00:00:00",9653,,
"2022-07-05 00:00:00",9290,,
"2022-07-06 00:00:00",8262,,
"2022-07-07 00:00:00",9337,,
"2022-07-08 00:00:00",9746,,
"2022-07-09 00:00:00",9659,,
"2022-07-10 00:00:00",9073,,
"2022-07-11 00:00:00",8260,,
"2022-07-12 00:00:00",8572,,
"2022-07-13 00:00:00",7930,,
"2022-07-14 00:00:00",7662,,
"2022-07-15 00:00:00",8156,,
"2022-07-16 00:00:00",8378,,
"2022-07-17 00:00:00",8116,,
"2022-07-18 00:00:00",7853,,
"2022-07-19 00:00:00",8148,,
"2022-07-20 00:00:00",7811,,
"2022-07-21 00:00:00",9163,,
"2022-07-22 00:00:00",9433,,
"2022-07-23 00:00:00",9375,,
"2022-07-24 00:00:00",9063,,
"2022-07-25 00:00:00",8774,,
"2022-07-26 00:00:00",8905,,
"2022-07-27 00:00:00",8310,,
"2022-07-28 00:00:00",7916,,
"2022-07-29 00:00:00",8202,,
"2022-07-30 00:00:00",8287,,
"2022-07-31 00:00:00",7982,,
"2022-08-01 00:00:00",8075,,
"2022-08-02 00:00:00",7859,,
"2022-08-03 00:00:00",7565,,
"2022-08-04 00:00:00",8765,,
"2022-08-05 00:00:00",8503,,
"2022-08-06 00:00:00",8351,,
"2022-08-07 00:00:00",8286,,
"2022-08-08 00:00:00",9419,,
"2022-08-09 00:00:00",9878,,
"2022-08-10 00:00:00",8774,,
"2022-08-11 00:00:00",8296,,
"2022-08-12 00:00:00",8461,,
"2022-08-13 00:00:00",8154,,
"2022-08-14 00:00:00",8514,,
"2022-08-15 00:00:00",8437,,
"2022-08-16 00:00:00",8100,,
"2022-08-17 00:00:00",8300,,
"2022-08-18 00:00:00",10400,,
"2022-08-19 00:00:00",9144,,
"2022-08-20 00:00:00",8843,,
"2022-08-21 00:00:00",8486,,
"2022-08-22 00:00:00",7820,,
"2022-08-23 00:00:00",8635,,
"2022-08-24 00:00:00",7132,,
"2022-08-25 00:00:00",6754,,
"2022-08-26 00:00:00",7231,,
"2022-08-27 00:00:00",6915,,
"2022-08-28 00:00:00",6855,,
"2022-08-29 00:00:00",6305,,
"2022-08-30 00:00:00",6433,,
"2022-08-31 00:00:00",6377,,
"2022-09-01 00:00:00",8788,,
"2022-09-02 00:00:00",8480,,
"2022-09-03 00:00:00",8587,,
"2022-09-04 00:00:00",8421,,
"2022-09-05 00:00:00",7848,,
"2022-09-06 00:00:00",7416,,
"2022-09-07 00:00:00",6684,,
"2022-09-08 00:00:00",7394,,
"2022-09-09 00:00:00",6411,,
"2022-09-10 00:00:00",6680,,
"2022-09-11 00:00:00",7130,,
"2022-09-12 00:00:00",6792,,
"2022-09-13 00:00:00",6408,,
"2022-09-14 00:00:00",6298,,
"2022-09-15 00:00:00",7029,,
"2022-09-16 00:00:00",8141,,
"2022-09-17 00:00:00",7679,,
"2022-09-18 00:00:00",7106,,
"2022-09-19 00:00:00",6446,,
"2022-09-20 00:00:00",6597,,
"2022-09-21 00:00:00",6040,,
"2022-09-22 00:00:00",5607,,
"2022-09-23 00:00:00",6417,2805,
"2022-09-24 00:00:00",9774,3854,
"2022-09-25 00:00:00",6511,3362,
"2022-09-26 00:00:00",6782,2669,
"2022-09-27 00:00:00",5861,2300,
"2022-09-28 00:00:00",5727,2241,
"2022-09-29 00:00:00",7436,3042,
"2022-09-30 00:00:00",7105,3206,
"2022-10-01 00:00:00",7263,3823,
"2022-10-02 00:00:00",7257,3839,
"2022-10-03 00:00:00",6635,3262,
"2022-10-04 00:00:00",6119,2461,
"2022-10-05 00:00:00",5257,2114,
"2022-10-06 00:00:00",5002,2028,
"2022-10-07 00:00:00",5097,2218,
"2022-10-08 00:00:00",5163,2628,
"2022-10-09 00:00:00",5195,2645,
"2022-10-10 00:00:00",4696,2262,
"2022-10-11 00:00:00",4011,1611,
"2022-10-12 00:00:00",4195,1651,
"2022-10-13 00:00:00",5199,2096,
"2022-10-14 00:00:00",5459,2359,
"2022-10-15 00:00:00",5442,2877,
"2022-10-16 00:00:00",5492,2718,
"2022-10-17 00:00:00",5018,2029,
"2022-10-18 00:00:00",4815,1949,
"2022-10-19 00:00:00",4448,1866,
"2022-10-20 00:00:00",4447,1819,
"2022-10-21 00:00:00",4762,2102,
"2022-10-22 00:00:00",5121,2660,
"2022-10-23 00:00:00",4808,2464,
"2022-10-24 00:00:00",4460,1799,
"2022-10-25 00:00:00",4627,1845,
"2022-10-26 00:00:00",4336,1799,
"2022-10-27 00:00:00",5101,2163,
"2022-10-28 00:00:00",5321,2328,
"2022-10-29 00:00:00",5304,2722,
"2022-10-30 00:00:00",4892,2493,
"2022-10-31 00:00:00",4473,1778,
"2022-11-01 00:00:00",4479,1797,
"2022-11-02 00:00:00",3902,1629,
"2022-11-03 00:00:00",4160,1661,
"2022-11-04 00:00:00",4168,1773,
"2022-11-05 00:00:00",4511,2195,
"2022-11-06 00:00:00",4093,2051,
"2022-11-07 00:00:00",3750,1471,
"2022-11-08 00:00:00",3657,1455,
"2022-11-09 00:00:00",3578,1474,
"2022-11-10 00:00:00",4510,1791,
"2022-11-11 00:00:00",4732,2053,
"2022-11-12 00:00:00",4786,2441,
"2022-11-13 00:00:00",4762,2362,
"2022-11-14 00:00:00",4431,1900,
"2022-11-15 00:00:00",4630,1966,
"2022-11-16 00:00:00",4088,1836,
"2022-11-17 00:00:00",4188,1791,
"2022-11-18 00:00:00",4223,1947,
"2022-11-19 00:00:00",4417,2280,
"2022-11-20 00:00:00",4317,2253,
"2022-11-21 00:00:00",3976,1659,
"2022-11-22 00:00:00",4329,1698,
"2022-11-23 00:00:00",3985,1649,
"2022-11-24 00:00:00",4724,2127,
"2022-11-25 00:00:00",4750,2157,
"2022-11-26 00:00:00",4857,2513,
"2022-11-27 00:00:00",4829,2427,
"2022-11-28 00:00:00",4140,1836,
"2022-11-29 00:00:00",4531,1836,
"2022-11-30 00:00:00",4449,1862,
"2022-12-01 00:00:00",4216,1770,
"2022-12-02 00:00:00",4621,1993,
"2022-12-03 00:00:00",4885,2465,
"2022-12-04 00:00:00",4653,2413,
"2022-12-05 00:00:00",4231,1872,
"2022-12-06 00:00:00",5299,2110,
"2022-12-07 00:00:00",4014,1709,
"2022-12-08 00:00:00",5751,2470,
"2022-12-09 00:00:00",5308,2464,
"2022-12-10 00:00:00",5291,2799,
"2022-12-11 00:00:00",5135,2616,
"2022-12-12 00:00:00",4436,1933,
"2022-12-13 00:00:00",6692,2362,
"2022-12-14 00:00:00",6104,2678,
"2022-12-15 00:00:00",5804,2556,
"2022-12-16 00:00:00",6107,2798,
"2022-12-17 00:00:00",6133,3272,
"2022-12-18 00:00:00",5940,3020,
"2022-12-19 00:00:00",5555,2432,
"2022-12-20 00:00:00",5922,2562,
"2022-12-21 00:00:00",5403,2535,
"2022-12-22 00:00:00",6247,2607,
"2022-12-23 00:00:00",5592,2714,
"2022-12-24 00:00:00",5420,2945,
"2022-12-25 00:00:00",5432,2822,
"2022-12-26 00:00:00",5074,2312,
"2022-12-27 00:00:00",5145,2274,
"2022-12-28 00:00:00",5013,2276,
"2022-12-29 00:00:00",5059,2405,
"2022-12-30 00:00:00",5213,2572,
"2022-12-31 00:00:00",4779,2683,
"2023-01-01 00:00:00",5105,2616,
"2023-01-02 00:00:00",5120,2420,
"2023-01-03 00:00:00",5157,2355,
"2023-01-04 00:00:00",5513,2475,
"2023-01-05 00:00:00",7997,3455,
"2023-01-06 00:00:00",7169,3544,
"2023-01-07 00:00:00",7124,3851,
"2023-01-08 00:00:00",7036,3777,
"2023-01-09 00:00:00",6904,3186,
"2023-01-10 00:00:00",7065,3167,
"2023-01-11 00:00:00",6488,2938,
"2023-01-12 00:00:00",6322,2933,
"2023-01-13 00:00:00",6481,3144,
"2023-01-14 00:00:00",6503,3394,
"2023-01-15 00:00:00",6478,3253,
"2023-01-16 00:00:00",5894,2676,
"2023-01-17 00:00:00",6097,2668,
"2023-01-18 00:00:00",5493,2472,
"2023-01-19 00:00:00",5538,2362,
"2023-01-20 00:00:00",5225,2600,
"2023-01-21 00:00:00",4468,2454,
"2023-01-22 00:00:00",5080,2440,
"2023-01-23 00:00:00",5450,2744,
"2023-01-24 00:00:00",5347,2758,
"2023-01-25 00:00:00",4945,2331,
"2023-01-26 00:00:00",4777,2244,
"2023-01-27 00:00:00",4928,2330,
"2023-01-28 00:00:00",5108,2586,
"2023-01-29 00:00:00",5074,2523,
"2023-01-30 00:00:00",4821,2132,
"2023-01-31 00:00:00",4669,2045,
"2023-02-01 00:00:00",4552,2042,
"2023-02-02 00:00:00",4443,2007,
"2023-02-03 00:00:00",5093,2381,
"2023-02-04 00:00:00",5151,2644,
"2023-02-05 00:00:00",4924,2556,
"2023-02-06 00:00:00",4705,2084,
"2023-02-07 00:00:00",4442,1974,
"2023-02-08 00:00:00",4220,1907,
"2023-02-09 00:00:00",4210,1904,
"2023-02-10 00:00:00",4710,2078,
"2023-02-11 00:00:00",4598,2343,
"2023-02-12 00:00:00",4587,2326,
"2023-02-13 00:00:00",4354,1916,
"2023-02-14 00:00:00",5163,2276,
"2023-02-15 00:00:00",5174,2241,
"2023-02-16 00:00:00",6255,2753,
"2023-02-17 00:00:00",6004,2768,
"2023-02-18 00:00:00",5987,3041,
"2023-02-19 00:00:00",5878,3003,
"2023-02-20 00:00:00",5695,2526,
"2023-02-21 00:00:00",5561,2574,
"2023-02-22 00:00:00",5263,2475,
"2023-02-23 00:00:00",5401,2490,
"2023-02-24 00:00:00",5173,2548,
"2023-02-25 00:00:00",5398,2827,
"2023-02-26 00:00:00",5472,2799,
"2023-02-27 00:00:00",5186,2314,
"2023-02-28 00:00:00",5222,2362,
"2023-03-01 00:00:00",5042,2348,
"2023-03-02 00:00:00",4959,1995,
"2023-03-03 00:00:00",5092,2272,
"2023-03-04 00:00:00",5376,2758,
"2023-03-05 00:00:00",5202,2664,
"2023-03-06 00:00:00",4852,1965,
"2023-03-07 00:00:00",4819,1914,
"2023-03-08 00:00:00",4439,1842,
"2023-03-09 00:00:00",4416,1813,
"2023-03-10 00:00:00",4938,2107,
"2023-03-11 00:00:00",5235,2652,
"2023-03-12 00:00:00",4985,2538,
"2023-03-13 00:00:00",4710,1840,
"2023-03-14 00:00:00",4562,1855,
"2023-03-15 00:00:00",4521,1880,
"2023-03-16 00:00:00",5418,2217,
"2023-03-17 00:00:00",5650,2432,
"2023-03-18 00:00:00",5710,2932,
"2023-03-19 00:00:00",5475,2749,
"2023-03-20 00:00:00",4999,1959,
"2023-03-21 00:00:00",4868,1989,
"2023-03-22 00:00:00",4747,1925,
"2023-03-23 00:00:00",4636,1881,
"2023-03-24 00:00:00",4601,2043,
"2023-03-25 00:00:00",4874,2479,
"2023-03-26 00:00:00",4886,2442,
"2023-03-27 00:00:00",4610,1858,
"2023-03-28 00:00:00",4973,1983,
"2023-03-29 00:00:00",4851,2060,
"2023-03-30 00:00:00",4547,1804,
"2023-03-31 00:00:00",4509,1951,
"2023-04-01 00:00:00",4479,2280,
"2023-04-02 00:00:00",4392,2187,
"2023-04-03 00:00:00",3954,1606,
"2023-04-04 00:00:00",4039,1656,
"2023-04-05 00:00:00",4041,1708,
"2023-04-06 00:00:00",3833,1594,
"2023-04-07 00:00:00",4964,2171,
"2023-04-08 00:00:00",5626,2713,
"2023-04-09 00:00:00",5168,2610,
"2023-04-10 00:00:00",5050,2040,
"2023-04-11 00:00:00",5284,2070,
"2023-04-12 00:00:00",4851,1970,
"2023-04-13 00:00:00",5918,2346,
"2023-04-14 00:00:00",6308,2760,
"2023-04-15 00:00:00",6327,3296,
"2023-04-16 00:00:00",6080,3169,
"2023-04-17 00:00:00",5795,2420,
"2023-04-18 00:00:00",5944,2448,
"2023-04-19 00:00:00",5818,2448,
"2023-04-20 00:00:00",5732,2458,
"2023-04-21 00:00:00",6760,2772,
"2023-04-22 00:00:00",6037,3187,
"2023-04-23 00:00:00",5670,2929,
"2023-04-24 00:00:00",5610,2338,
"2023-04-25 00:00:00",5462,2320,
"2023-04-26 00:00:00",4723,1983,
"2023-04-27 00:00:00",4872,1962,
"2023-04-28 00:00:00",4919,2239,
"2023-04-29 00:00:00",4931,2572,
"2023-04-30 00:00:00",4672,2470,
"2023-05-01 00:00:00",4381,2058,
"2023-05-02 00:00:00",5217,2148,
"2023-05-03 00:00:00",4988,2120,
"2023-05-04 00:00:00",5592,2415,
"2023-05-05 00:00:00",5651,2879,
"2023-05-06 00:00:00",5641,2953,
"2023-05-07 00:00:00",5459,2788,
"2023-05-08 00:00:00",5503,2099,
"2023-05-09 00:00:00",5353,2055,
"2023-05-10 00:00:00",4923,2017,
"2023-05-11 00:00:00",5414,2144,
"2023-05-12 00:00:00",5433,2356,
"2023-05-13 00:00:00",5318,2738,
"2023-05-14 00:00:00",5318,2734,
"2023-05-15 00:00:00",5349,2127,
"2023-05-16 00:00:00",5333,2125,
"2023-05-17 00:00:00",5084,2125,